{
  "is_present": true,
  "person_name": "ophir",
  "last_seen_at": 1773506638.9113164,
  "first_seen_today": 1773506638.3915389,
  "session_start": 1773506638.3915389,
  "away_since": 0.0,
  "engagement_score": 0.15,
  "interactions_today": 1,
  "last_greeting_at": 0.0,
  "last_checkin_at": 0.0,
  "last_interaction_at": 1773506638.673344,
  "today_date": "2026-03-14"
}